frame,center1,center2,head1,head2,tail1,tail2
0,742,486,757,555,710,434
1,744,503,767,573,718,446
2,749,518,779,585,726,461
3,753,532,783,598,732,476
4,758,543,787,611,734,489
5,762,552,791,617,732,502
6,765,557,799,613,730,516
7,767,564,805,631,728,526
8,769,573,811,639,730,532
9,772,581,817,645,736,536
10,775,588,824,647,744,540
11,780,594,830,651,746,544
12,783,599,835,651,746,556
13,784,603,841,655,744,569
14,786,609,846,655,740,580
15,787,611,848,651,738,588
16,789,612,849,647,738,590
17,790,611,855,635,738,592
18,793,609,863,626,740,595
19,798,608,870,620,743,596
20,805,606,877,616,746,598
21,816,609,886,612,752,602
22,825,609,893,613,772,626
23,831,609,897,612,776,628
24,835,609,901,613,772,604
25,836,609,901,615,776,606
26,837,610,900,607,779,610
27,837,608,900,605,780,613
28,837,607,899,604,780,613
29,836,606,897,600,780,615
30,836,605,897,593,784,616
31,839,605,897,585,788,621
32,842,603,899,577,786,617
33,843,601,903,574,784,614
34,843,598,905,568,786,613
35,849,593,907,559,794,613
36,853,589,911,555,802,610
37,856,583,915,553,805,601
38,857,576,915,553,808,591
39,850,572,907,551,800,584
40,843,570,900,548,791,581
41,838,568,893,541,790,583
42,835,566,885,530,788,583
43,834,563,883,521,788,585
44,834,561,883,514,818,615
45,836,557,884,506,818,612
46,838,553,887,498,820,611
47,842,547,888,490,820,605
48,846,539,893,486,798,571
49,851,530,897,480,804,561
50,855,523,905,477,810,551
51,853,513,904,474,807,536
52,846,507,898,472,794,527
53,837,504,893,472,782,519
54,829,503,885,469,778,520
55,828,502,877,460,778,521
56,828,499,875,452,802,547
57,827,495,873,444,801,545
58,827,490,876,438,804,547
59,830,486,879,430,802,545
60,833,481,880,420,802,545
61,838,475,881,411,808,530
62,843,468,887,408,794,505
63,844,463,893,408,798,499
64,846,455,897,404,800,487
65,846,447,897,400,816,496
66,840,442,893,399,806,497
67,835,439,887,394,804,499
68,831,437,884,390,800,489
69,830,434,881,382,800,497
70,832,430,882,374,802,497
71,837,422,885,364,806,477
72,843,414,893,360,800,451
73,847,407,897,358,803,443
74,848,401,901,354,802,434
75,844,395,898,357,800,427
76,833,395,891,360,800,444
77,827,395,887,362,776,415
78,825,395,887,364,776,417
79,826,394,889,366,776,415
80,829,393,891,365,778,415
81,832,392,893,363,780,413
82,835,390,895,360,800,445
83,839,386,897,356,800,435
84,842,383,899,351,802,432
85,845,378,901,346,798,407
86,849,373,905,345,802,401
87,852,370,909,344,804,396
88,854,366,911,338,804,389
89,851,363,909,345,802,383
90,840,365,897,350,800,409
91,831,365,893,356,778,372
92,829,365,891,356,778,373
93,829,365,890,354,777,373
94,830,364,889,345,778,373
95,830,362,889,339,778,373
96,831,360,889,331,796,407
97,834,357,889,321,798,407
98,836,353,891,316,798,397
99,837,347,893,310,798,394
100,839,342,892,302,800,393
101,841,336,894,297,792,367
102,842,331,895,291,795,362
103,844,325,896,284,800,358
104,846,318,899,280,800,350
105,847,313,901,276,816,357
106,847,306,901,275,811,349
107,838,304,894,283,800,341
108,828,305,887,288,774,313
109,824,304,879,282,770,315
110,822,304,873,274,791,353
111,818,305,867,266,793,355
112,814,304,865,261,793,355
113,812,302,861,257,793,355
114,810,302,856,254,793,355
115,809,303,850,249,793,355
116,812,301,847,244,793,355
117,808,301,839,242,793,355
118,807,300,834,240,792,353
119,806,299,831,240,794,355
120,802,301,825,244,790,352
121,798,302,815,244,790,353
122,796,305,807,248,788,353
123,791,310,807,248,788,353
124,792,304,803,244,788,353
125,791,299,800,238,752,345
126,787,299,798,236,754,353
127,780,308,796,239,752,355
128,778,313,781,248,752,358
129,774,314,777,246,752,360
130,772,315,766,247,751,361
131,771,316,760,249,752,362
132,770,318,752,256,791,357
133,769,320,746,262,791,357
134,769,321,738,266,791,357
135,767,322,728,270,791,357
136,765,325,722,274,775,369
137,763,328,716,282,779,371
138,762,330,708,292,779,377
139,758,328,702,296,785,369
140,757,329,692,302,793,356
141,750,327,680,305,791,356
142,738,326,670,304,787,351
143,723,327,658,304,781,349
144,713,329,648,308,763,339
145,705,330,634,314,761,337
146,692,333,620,320,746,342
147,678,338,605,320,735,345
148,660,338,598,340,723,339
149,638,336,575,335,701,328
150,614,333,552,332,677,322
151,588,331,530,332,653,323
152,565,332,507,333,625,337
153,547,333,491,311,603,342
154,527,334,472,308,590,343
155,506,333,454,329,577,338
156,493,328,430,302,563,329
157,479,325,417,300,545,321
158,466,322,406,298,523,319
159,447,321,378,298,509,323
160,428,321,361,300,491,327
161,409,322,354,298,471,331
162,387,322,318,294,447,331
163,366,320,306,286,421,341
164,348,313,290,278,405,340
165,327,307,272,270,393,303
166,309,303,256,270,371,311
167,295,299,240,264,359,311
168,283,297,220,257,343,311
169,269,294,212,248,327,311
170,259,288,206,238,317,302
171,248,279,200,226,288,321
172,238,269,194,214,277,313
173,228,260,186,202,285,281
174,218,253,178,194,267,289
175,207,248,172,186,250,292
176,200,246,170,182,239,293
177,197,246,172,180,235,295
178,197,246,172,180,233,297
179,198,246,172,180,237,295
180,199,246,168,182,239,293
181,200,246,172,181,243,291
182,200,245,170,182,243,291
183,200,244,172,178,241,292
184,201,244,168,180,241,293
185,202,243,164,180,241,293
186,203,242,162,180,243,293
187,204,241,166,178,241,294
188,204,240,164,178,241,293
189,201,238,161,178,236,290
190,198,238,156,178,233,290
191,196,238,151,180,233,290
192,193,238,142,184,233,289
193,192,238,138,186,235,289
194,192,239,134,188,236,288
195,190,239,132,187,236,289
196,190,240,130,188,237,289
197,187,239,124,190,237,287
198,183,238,120,190,236,285
199,180,236,116,188,235,281
200,174,234,110,186,232,275
201,165,230,104,182,225,268
202,158,227,98,180,219,260
203,153,224,94,176,215,256
204,150,221,89,176,211,253
205,149,219,86,176,209,247
206,147,216,86,174,195,261
207,145,214,86,172,193,261
208,144,213,88,169,191,259
209,142,212,90,167,183,256
210,142,211,93,166,197,234
211,143,212,98,162,198,233
212,144,211,98,162,198,233
213,144,210,100,158,198,233
214,144,209,98,154,199,233
215,143,207,98,150,192,241
216,140,204,94,146,191,238
217,137,200,94,140,195,229
218,136,195,98,132,187,231
219,135,192,98,127,192,225
220,134,191,96,126,190,225
221,136,190,100,124,186,225
222,143,190,106,126,191,224
223,146,192,113,124,194,229
224,145,192,112,124,195,231
225,144,190,108,122,192,229
226,145,188,110,120,157,246
227,145,186,108,121,156,247
228,144,183,112,116,156,247
229,143,177,115,109,155,246
230,143,169,114,101,156,233
231,143,162,114,96,194,206
232,144,160,114,95,195,205
233,145,160,120,92,193,207
234,147,161,128,92,196,205
235,149,162,141,90,179,213
236,152,160,150,89,181,213
237,154,156,162,87,181,211
238,158,152,173,88,180,210
239,162,149,130,98,197,204
240,165,148,191,88,173,207
241,167,148,193,88,179,209
242,168,152,192,92,177,211
243,168,154,194,96,173,213
244,167,156,201,102,171,215
245,168,155,205,104,169,215
246,169,155,209,107,169,215
247,171,156,217,113,167,215
248,171,158,220,116,165,219
249,169,160,219,120,164,223
250,168,165,219,128,160,223
251,168,168,217,128,155,223
252,168,170,223,138,156,228
253,169,172,227,146,154,230
254,170,175,229,149,150,233
255,170,180,231,156,134,215
256,172,183,235,160,146,236
257,175,185,241,166,146,238
258,177,186,246,170,146,238
259,180,188,253,173,146,235
260,184,189,259,180,146,231
261,190,191,261,188,148,232
262,198,195,271,201,148,226
263,207,199,279,211,151,216
264,219,204,291,215,157,217
265,232,208,303,220,166,210
266,244,211,318,222,178,208
267,255,213,327,223,192,212
268,266,215,341,219,208,223
269,277,218,350,226,218,224
270,290,220,367,221,227,227
271,302,220,376,217,239,226
272,313,219,387,215,251,226
273,323,219,393,214,262,226
274,329,219,397,212,272,232
275,334,220,399,196,283,243
276,337,221,397,187,289,249
277,338,222,396,182,292,255
278,337,221,394,183,294,257
279,335,221,391,185,292,255
280,333,221,390,187,292,255
281,332,221,390,189,290,252
282,332,222,389,192,290,252
283,332,222,390,194,290,253
284,332,222,391,194,290,254
285,330,223,387,207,290,254
286,331,223,389,199,290,254
287,333,223,397,206,288,253
288,333,224,397,206,288,252
289,333,223,399,206,288,251
290,333,223,397,211,288,250
291,334,223,397,227,288,249
292,334,222,397,233,289,248
293,334,223,389,241,290,248
294,335,224,389,245,290,242
295,336,225,389,254,289,245
296,337,225,391,255,290,240
297,338,226,397,253,288,241
298,341,227,403,249,289,240
299,343,226,407,245,290,238
300,344,226,411,237,290,239
301,345,225,415,227,290,239
302,345,224,415,219,292,239
303,348,223,417,204,292,239
304,353,221,425,201,296,240
305,358,220,431,199,300,239
306,364,218,437,194,304,236
307,371,217,443,188,312,238
308,377,216,447,185,324,243
309,382,216,449,184,336,249
310,387,217,451,184,340,250
311,388,216,451,184,341,246
312,388,214,451,182,337,241
313,387,213,449,180,338,241
314,386,212,443,176,337,240
315,386,211,442,172,335,241
316,386,211,441,170,336,241
317,385,210,439,166,337,242
318,385,210,438,162,339,244
319,386,208,439,163,341,245
320,387,207,439,163,342,244
321,387,206,439,162,342,243
322,386,205,439,164,342,242
323,386,205,440,166,342,242
324,385,205,443,169,342,243
325,384,206,443,174,340,241
326,383,209,443,180,340,241
327,383,211,444,182,337,241
328,383,211,443,182,338,243
329,384,212,441,189,336,242
330,385,211,447,191,337,242
331,386,211,450,192,337,242
332,387,211,447,191,339,242
333,390,211,459,186,340,239
334,394,210,463,182,342,237
335,398,208,467,178,346,235
336,404,206,471,176,352,235
337,407,205,473,174,356,234
338,409,202,474,172,362,235
339,411,200,475,165,368,239
340,414,201,475,167,374,243
341,414,203,475,168,376,247
342,415,204,477,172,376,249
343,414,205,477,176,374,246
344,414,206,479,180,374,247
345,415,206,481,180,374,245
346,416,207,481,179,374,244
347,418,205,479,175,374,241
348,418,203,479,175,374,239
349,415,202,477,175,372,235
350,414,201,475,176,368,231
351,412,201,473,175,367,229
352,412,200,472,173,367,229
353,412,200,471,175,366,226
354,414,200,475,178,366,226
355,416,200,479,179,367,226
356,421,200,485,182,368,224
357,426,201,491,184,371,224
358,433,200,503,177,376,222
359,439,197,507,170,384,223
360,443,195,507,160,392,225
361,449,193,509,156,406,231
362,452,195,505,150,413,234
363,455,193,504,148,415,234
364,454,189,505,146,415,231
365,454,188,507,146,414,231
366,453,188,507,145,412,228
367,452,188,507,144,412,228
368,452,188,503,141,414,229
369,452,186,503,141,414,228
370,452,185,503,139,414,227
371,451,184,500,132,414,225
372,453,182,499,126,416,227
373,454,180,498,120,416,229
374,457,177,499,116,418,229
375,458,174,496,110,424,230
376,462,172,496,107,430,230
377,466,171,499,106,434,229
378,468,168,502,104,439,227
379,470,163,500,97,444,225
380,472,158,502,92,450,221
381,473,152,500,84,456,217
382,475,148,501,80,463,214
383,476,145,503,80,464,209
384,476,144,503,80,464,208
385,475,144,503,83,464,206
386,474,146,508,92,462,205
387,473,148,507,95,460,205
388,472,151,505,98,458,205
389,472,154,513,112,456,209
390,473,156,516,116,454,207
391,474,156,521,117,452,209
392,475,157,525,117,448,211
393,476,158,492,94,448,212
394,474,159,492,94,446,213
395,473,159,492,94,446,214
396,472,161,489,102,445,213
397,471,162,490,105,442,215
398,471,166,493,116,441,217
399,470,170,521,149,440,219
400,466,173,523,163,434,215
401,463,176,521,172,428,221
402,454,185,517,181,422,226
403,450,191,508,191,420,231
404,447,196,507,192,409,227
405,445,201,507,205,400,229
406,446,204,509,209,398,230
407,449,205,511,213,398,227
408,453,205,519,213,400,225
409,459,205,527,215,401,216
410,464,204,533,211,404,208
411,468,203,542,207,408,209
412,474,204,547,209,413,206
413,479,204,551,211,416,204
414,483,206,557,213,420,204
415,485,206,557,217,424,204
416,487,206,555,221,428,202
417,488,206,554,227,428,202
418,489,206,553,229,430,200
419,491,205,553,235,432,200
420,493,205,555,237,434,200
421,495,204,557,238,436,200
422,499,205,563,237,440,204
423,501,207,567,235,442,206
424,501,209,567,236,444,208
425,503,210,565,241,446,208
426,505,212,567,245,448,206
427,509,214,567,249,452,206
428,511,215,565,251,454,208
429,514,218,567,263,456,206
430,517,221,569,269,462,204
431,520,224,575,272,466,204
432,524,228,581,275,470,203
433,528,232,587,281,478,202
434,534,238,591,289,486,202
435,541,243,597,295,490,206
436,548,249,601,303,498,217
437,555,256,601,313,506,230
438,562,267,609,324,512,241
439,571,279,619,333,520,246
440,580,287,633,341,534,248
441,588,293,645,347,544,252
442,599,302,653,355,556,258
443,605,308,661,355,562,275
444,610,313,669,364,564,288
445,617,323,677,365,568,300
446,623,327,681,367,572,306
447,626,329,681,369,574,306
448,628,327,679,369,580,304
449,626,325,667,373,580,302
450,624,323,657,375,580,300
451,621,323,657,375,582,298
452,620,325,651,379,580,300
453,621,327,649,383,580,300
454,621,330,645,393,580,300
455,623,336,644,404,586,298
456,625,346,648,417,592,300
457,630,359,653,429,598,308
458,636,373,660,447,608,318
459,641,381,663,452,619,331
460,646,398,665,477,628,344
461,649,414,665,491,630,360
462,654,430,669,503,630,376
463,658,448,675,519,632,392
464,660,462,676,535,636,404
465,664,475,681,549,644,414
466,668,490,681,565,653,428
467,669,505,678,581,654,442
468,671,520,681,595,648,464
469,673,534,679,603,646,484
470,675,552,691,629,648,504
471,678,570,699,642,654,516
472,681,585,707,659,660,529
473,685,603,707,675,670,550
474,688,614,703,689,662,562
475,688,626,703,699,660,577
476,689,638,705,709,664,590
477,693,649,707,721,677,601
478,690,657,709,733,672,599
479,693,666,711,743,680,609
480,699,676,715,755,686,617
481,703,688,711,769,690,628
482,706,702,709,781,690,646
483,709,719,699,795,688,663
484,709,739,695,811,690,682
485,706,751,698,827,694,694
486,705,762,694,839,702,704
487,704,775,692,853,704,715
488,701,790,686,865,703,731
489,699,804,682,876,694,747
490,695,817,676,887,688,760
491,687,830,676,898,686,770
492,683,839,672,903,689,778
493,685,844,666,907,695,788
494,687,849,662,911,699,794
495,687,855,658,915,696,799
496,685,862,654,921,685,808
497,684,870,650,925,697,820
498,682,867,647,929,683,808
499,676,869,644,937,681,811
500,672,877,640,949,681,818
501,668,887,637,958,681,828
502,666,896,630,964,681,840
503,663,906,627,971,678,851
504,661,913,625,973,672,859
505,657,917,625,974,666,862
506,655,917,630,973,661,868
507,653,915,632,969,657,864
508,652,915,630,965,652,862
509,653,913,630,963,651,863
510,652,911,625,959,650,862
511,650,911,621,957,650,862
512,650,911,620,957,651,862
513,651,912,612,956,651,862
514,650,913,608,961,651,864
515,648,912,602,957,650,861
516,644,914,600,961,651,861
517,640,918,598,965,653,864
518,637,921,588,963,659,870
519,633,925,582,962,661,874
520,629,929,578,965,665,882
521,627,934,571,965,666,889
522,624,936,560,965,663,892
523,619,938,552,969,659,894
524,612,940,549,975,648,894
525,605,941,544,981,639,892
526,598,943,538,987,632,892
527,591,944,530,987,628,896
528,584,947,526,991,625,901
529,575,952,520,991,619,911
530,568,957,514,992,607,918
531,560,962,510,993,594,923
532,555,962,510,997,587,922
533,553,962,505,996,585,919
534,550,964,501,1001,583,920
535,548,965,498,1001,582,921
536,546,967,498,1004,577,921
537,544,971,500,1007,569,922
538,541,972,498,1007,563,928
539,538,971,498,1009,560,927
540,536,971,496,1007,553,921
541,535,972,497,1009,560,931
542,534,975,498,1017,558,922
543,533,977,496,1023,556,925
544,532,981,496,1031,554,927
545,531,984,494,1038,553,930
546,530,987,492,1044,549,934
547,526,991,487,1046,545,938
548,526,992,486,1048,542,940
549,526,993,493,1048,541,941
550,526,994,492,1043,542,944
551,525,994,486,1037,544,946
552,526,992,488,1037,543,944
553,525,992,481,1033,543,944
554,524,992,479,1035,544,945
555,523,993,472,1033,544,946
556,520,995,468,1037,543,946
557,517,997,464,1043,542,948
558,515,999,460,1046,539,948
559,513,1000,456,1047,538,952
560,513,1000,458,1048,538,952
561,512,1000,458,1048,537,954
562,510,1001,458,1048,531,954
563,509,1000,458,1048,529,952
564,509,1000,458,1047,531,953
565,510,1001,459,1043,531,952
566,510,1001,461,1043,533,953
567,510,1001,456,1037,537,955
568,511,1000,454,1031,539,957
569,511,999,454,1027,539,956
570,510,998,452,1025,539,956
571,510,998,448,1019,541,957
572,509,999,444,1015,543,959
573,509,1000,442,1015,547,961
574,511,999,442,1016,549,959
575,511,996,442,1011,551,959
576,510,994,438,1005,553,956
577,510,992,440,1001,553,953
578,512,990,442,995,555,953
579,514,986,442,991,559,953
580,514,984,441,984,559,947
581,512,981,439,981,559,945
582,509,977,433,974,559,943
583,502,974,424,967,557,943
584,492,971,412,962,549,944
585,478,967,400,957,539,948
586,463,961,396,972,525,950
587,448,959,366,958,509,952
588,433,959,352,958,495,952
589,422,960,345,962,481,946
590,413,960,338,972,465,938
591,404,959,334,987,457,933
592,395,961,330,995,449,934
593,388,967,324,1003,443,936
594,382,971,316,1008,431,936
595,374,972,313,1014,419,930
596,368,974,313,1019,407,928
597,364,973,313,1019,398,926
598,361,972,318,1024,391,922
599,359,974,322,1035,385,922
600,355,978,320,1043,381,924
601,353,982,316,1045,377,926
602,352,986,314,1045,375,930
603,350,988,310,1045,372,934
604,348,990,306,1045,367,938
605,343,993,304,1045,361,946
606,342,995,302,1045,359,950
607,341,996,300,1045,359,951
608,340,998,296,1044,357,954
609,336,1002,290,1044,351,962
610,333,1009,286,1044,363,990
611,325,1014,286,1044,360,992
612,320,1013,284,1039,346,986
613,316,1007,279,1040,343,981
614,313,998,284,1044,308,955
615,315,996,284,1044,314,950
616,314,995,286,1044,313,950
617,313,997,286,1044,311,952
618,314,999,286,1044,349,976
619,315,1002,290,1044,347,976
620,315,1003,290,1044,347,976
621,317,1005,289,1044,345,978
622,318,1007,290,1044,341,976
623,318,1006,294,1044,341,978
624,320,1007,296,1044,343,979
625,322,1008,294,1044,342,978
626,324,1008,294,1043,347,978
627,326,1006,296,1040,347,976
628,327,1004,306,1045,318,960
629,327,1003,349,1045,320,959
630,326,1002,355,1045,319,959
631,326,1003,359,1046,319,961
632,328,1006,364,1046,320,964
633,334,1007,377,1045,302,980
634,340,1007,380,1046,308,984
635,345,1008,385,1046,332,969
636,349,1008,395,1046,318,990
637,354,1009,397,1046,322,992
638,360,1010,401,1045,352,972
639,368,1010,405,1047,338,992
640,379,1008,409,1047,354,982
641,385,1002,409,1047,384,958
642,385,1000,414,1047,384,952
643,389,999,424,1047,383,951
644,392,1000,435,1047,382,950
645,397,1003,445,1047,357,976
646,402,1005,455,1047,358,976
647,408,1006,462,1048,362,976
648,415,1008,471,1048,392,960
649,422,1008,476,1048,398,962
650,429,1010,483,1048,405,966
651,438,1010,491,1048,392,990
652,448,1007,495,1048,408,982
653,452,1002,497,1048,428,954
654,455,1000,505,1047,408,970
655,458,1001,511,1047,410,970
656,462,1001,517,1048,410,972
657,467,1004,525,1049,412,974
658,473,1008,534,1049,422,988
659,482,1012,541,1049,452,972
660,491,1016,544,1049,444,1000
661,505,1017,539,1049,462,996
662,518,1013,563,1050,484,988
663,526,1002,561,1049,510,958
664,529,994,557,1049,518,942
665,531,991,555,1049,516,938
666,532,993,562,1049,519,938
667,534,996,571,1049,520,944
668,538,999,578,1050,500,964
669,542,1002,584,1050,504,966
670,546,1004,589,1049,504,970
671,551,1007,593,1050,512,978
672,553,1007,595,1050,534,964
673,555,1007,599,1049,536,964
674,557,1006,600,1050,538,962
675,559,1007,603,1050,538,962
676,561,1007,609,1049,516,982
677,562,1007,613,1050,514,980
678,564,1007,616,1051,516,980
679,565,1007,619,1051,516,978
680,568,1008,624,1051,518,982
681,571,1009,627,1051,524,985
682,574,1008,627,1051,545,966
683,577,1007,627,1051,548,964
684,582,1006,631,1049,534,984
685,586,1001,625,1049,560,958
686,586,992,627,1041,563,946
687,586,985,637,1029,562,939
688,587,983,646,1021,560,936
689,589,982,651,1019,558,936
690,591,982,655,1021,558,936
691,595,983,663,1023,558,937
692,598,984,669,1021,558,937
693,602,984,673,1021,558,939
694,604,985,677,1019,558,942
695,607,985,679,1015,560,942
696,610,986,681,1015,560,950
697,614,984,687,1011,562,952
698,618,980,691,1003,568,949
699,618,974,693,991,568,940
700,619,968,695,985,570,932
701,618,963,691,982,568,931
702,615,959,685,975,566,932
703,612,957,683,963,566,928
704,610,956,680,952,564,932
705,609,954,677,950,564,930
706,609,953,665,959,564,930
707,613,951,668,929,566,963
708,620,949,677,923,570,963
709,628,946,686,918,576,966
710,640,942,695,912,587,969
711,652,936,707,908,599,942
712,662,928,735,914,610,940
713,672,922,745,917,618,938
714,683,918,750,917,628,938
715,693,916,765,912,641,939
716,704,913,775,907,648,931
717,712,913,783,908,656,921
718,714,908,787,915,658,912
719,716,906,791,913,658,910
720,715,907,792,915,659,910
721,716,907,793,921,660,908
722,715,907,779,900,662,909
723,720,907,796,915,666,908
724,733,909,813,927,675,911
725,747,911,821,933,687,908
726,759,913,830,935,700,906
727,771,912,839,938,709,908
728,780,913,841,941,716,912
729,783,914,843,945,730,912
730,783,918,846,947,722,922
731,784,920,849,947,724,920
732,785,922,851,949,724,922
733,785,923,855,949,724,922
734,789,923,861,947,726,922
735,798,922,867,947,728,922
736,805,924,875,951,748,914
737,811,927,883,955,750,916
738,819,929,889,957,760,910
739,823,929,891,959,766,908
740,826,930,891,963,769,910
741,833,930,895,964,774,912
742,838,932,899,965,780,916
743,845,932,901,966,796,912
744,842,934,901,967,784,920
745,843,934,899,969,786,920
746,843,936,899,971,786,924
747,845,939,901,975,794,922
748,845,940,901,979,788,927
749,844,943,901,982,788,930
750,844,944,899,987,790,932
751,846,946,903,985,806,912
752,850,949,909,984,808,914
753,865,953,915,989,830,918
754,878,956,931,995,848,916
755,885,957,941,998,840,935
756,885,954,937,999,832,932
757,873,949,921,999,822,927
758,855,941,901,995,830,896
759,841,936,887,997,792,906
760,837,934,883,999,788,898
761,839,937,884,1001,814,881
762,841,942,888,1005,796,902
763,846,949,893,1009,802,908
764,853,957,897,1017,810,918
765,860,963,903,1021,816,928
766,861,964,909,1017,834,916
767,856,961,909,1009,826,918
768,848,954,899,1003,820,910
769,836,947,887,999,786,928
770,830,942,885,991,777,918
771,829,941,885,987,778,918
772,830,940,889,981,778,920
773,830,940,893,975,778,920
774,831,940,897,969,780,920
775,835,939,901,967,784,922
776,838,939,906,965,788,926
777,842,938,909,965,788,944
778,847,936,911,959,796,928
779,848,934,911,955,792,944
780,847,931,909,953,789,944
781,846,929,905,949,789,944
782,844,928,901,945,788,944
783,842,926,903,942,788,944
784,840,925,902,941,786,922
785,839,924,901,937,784,942
786,838,923,903,931,784,943
787,838,922,904,925,784,943
788,841,920,906,919,786,942
789,845,920,908,917,790,944
790,847,918,909,912,794,945
791,849,915,909,909,798,927
792,849,911,906,913,799,925
793,845,912,903,909,792,919
794,841,912,898,909,786,918
795,834,912,891,906,782,919
796,827,912,883,902,776,914
797,819,912,875,900,769,912
798,808,912,867,906,761,910
799,797,911,859,909,750,908
800,787,907,853,903,737,907
801,779,904,851,901,726,905
802,770,904,845,898,720,905
803,766,905,831,907,716,902
804,765,904,829,913,716,900
805,764,905,829,919,716,897
806,764,905,827,922,716,896
807,763,905,813,900,716,895
808,762,905,815,905,714,894
809,761,905,813,905,714,894
810,760,906,811,901,713,894
811,758,904,809,902,711,892
812,756,902,808,903,708,890
813,753,901,805,903,704,892
814,752,901,803,900,702,892
815,751,900,799,900,702,892
816,750,901,797,913,701,892
817,750,901,796,911,701,894
818,749,901,795,911,700,894
819,749,901,795,909,700,893
820,748,901,795,909,698,894
821,747,902,793,908,698,894
822,746,901,791,909,698,894
823,746,901,793,891,698,894
824,745,902,791,886,697,898
825,744,902,790,880,696,901
826,742,903,785,876,694,901
827,741,904,787,892,692,902
828,739,904,786,893,692,907
829,738,903,785,888,690,904
830,737,904,781,888,690,911
831,735,905,779,888,688,913
832,734,905,777,885,686,913
833,733,905,773,881,686,917
834,731,905,771,880,686,920
835,730,904,769,880,684,918
836,729,905,767,877,684,919
837,729,906,773,890,682,917
838,728,907,769,886,682,919
839,727,908,768,884,680,917
840,727,907,769,884,680,919
841,727,907,771,886,680,919
842,727,906,771,886,680,919
843,727,906,771,887,680,918
844,726,906,771,889,680,917
845,726,905,771,888,678,917
846,728,904,779,915,679,917
847,730,903,783,915,680,917
848,733,902,787,919,682,914
849,736,902,790,921,684,914
850,738,902,795,923,686,914
851,736,903,801,924,686,912
852,740,905,803,917,687,914
853,745,907,810,927,689,916
854,748,908,813,931,692,914
855,756,905,817,933,700,904
856,759,904,815,937,698,902
857,753,906,815,939,698,900
858,751,910,816,939,698,898
859,751,908,813,941,698,898
860,752,908,813,939,698,896
861,753,908,811,945,700,894
862,752,908,807,953,700,894
863,753,909,805,961,700,894
864,754,912,807,965,700,892
865,752,914,806,971,700,892
866,751,917,807,977,700,892
867,753,921,809,982,700,894
868,754,924,812,983,704,894
869,758,930,815,987,710,894
870,760,933,817,990,722,892
871,768,935,821,993,730,890
872,775,935,828,995,736,888
873,781,937,837,997,736,892
874,788,943,846,999,740,902
875,797,950,854,1003,744,912
876,805,956,859,1009,750,924
877,810,961,863,1012,754,928
878,816,964,863,1019,762,932
879,821,965,867,1019,776,930
880,821,962,865,1019,778,922
881,818,957,862,1015,776,916
882,816,955,854,1017,776,914
883,815,956,851,1017,776,916
884,815,959,846,1021,778,916
885,815,963,843,1025,780,920
886,818,966,848,1027,784,924
887,822,970,852,1031,808,920
888,830,980,859,1037,819,928
889,844,993,869,1049,818,948
890,848,1000,877,1055,825,954
891,847,1004,877,1055,820,960
892,839,999,873,1051,814,957
893,831,988,869,1039,806,940
894,822,975,863,1029,772,946
895,821,969,859,1025,796,920
896,822,967,859,1023,796,918
897,822,968,855,1025,794,918
898,821,968,855,1025,794,918
899,821,969,853,1027,794,920
900,822,971,855,1029,795,922
901,823,973,857,1031,794,926
902,826,976,861,1033,796,930
903,832,982,865,1037,802,936
904,842,994,871,1043,820,950
905,855,1004,880,1056,814,974
906,862,1005,891,1055,822,976
907,860,1007,896,1056,822,976
908,854,1004,889,1055,834,956
909,844,998,875,1049,826,948
910,830,984,863,1033,784,958
911,818,970,851,1023,768,942
912,818,966,845,1025,798,917
913,820,968,851,1027,798,918
914,822,970,857,1027,798,920
915,824,972,857,1029,798,922
916,823,972,855,1029,794,924
917,823,971,857,1027,794,924
918,822,971,853,1029,796,922
919,821,971,853,1029,796,922
920,821,971,853,1029,796,922
921,821,973,851,1031,796,924
922,822,975,851,1033,798,926
923,825,978,855,1035,800,932
924,828,981,859,1037,780,950
925,830,982,861,1039,780,950
926,835,986,862,1041,812,940
927,843,993,865,1047,824,948
928,849,996,871,1053,830,948
929,849,991,872,1049,828,944
930,842,985,868,1039,820,938
931,827,973,861,1027,772,941
932,817,962,853,1019,766,926
933,817,954,849,1011,794,904
934,817,949,836,1007,798,898
935,817,942,828,999,800,894
936,818,933,815,989,804,888
937,822,926,835,976,808,884
938,824,919,834,973,808,876
939,826,913,833,969,816,869
940,824,904,787,935,824,862
941,819,900,774,920,849,890
942,815,898,764,907,847,892
943,809,896,758,892,843,883
944,804,896,750,886,841,898
945,801,895,748,878,839,898
946,799,895,750,868,835,905
947,796,893,750,860,835,900
948,794,890,754,848,815,921
949,793,887,760,838,819,913
950,791,882,762,829,821,907
951,787,877,760,820,819,905
952,783,872,754,814,819,901
953,779,869,752,808,813,901
954,775,865,750,802,815,895
955,771,859,752,796,811,889
956,769,854,750,788,809,883
957,767,848,754,780,769,896
958,765,840,758,770,803,881
959,762,830,758,760,789,882
960,758,820,767,750,772,877
961,753,811,770,741,760,871
962,750,807,771,738,756,865
963,749,801,764,733,749,851
964,748,797,760,727,759,854
965,746,794,756,724,764,847
966,744,792,748,720,764,843
967,742,788,738,716,751,831
968,741,782,745,726,751,827
969,743,778,732,714,762,831
970,740,773,721,703,755,827
971,735,767,716,697,748,823
972,731,760,712,692,747,817
973,727,755,708,684,747,811
974,725,750,702,680,748,803
975,720,744,698,676,750,793
976,716,738,690,672,751,783
977,712,730,678,668,750,773
978,709,725,674,662,750,765
979,705,719,670,658,745,761
980,700,714,670,650,737,758
981,694,709,668,644,725,755
982,688,704,670,634,717,753
983,683,698,670,626,713,749
984,680,694,668,622,712,741
985,677,689,660,620,712,733
986,674,685,654,616,711,727
987,671,681,647,614,710,719
988,669,676,642,610,711,713
989,668,672,638,606,707,711
990,663,669,630,608,701,709
991,660,670,624,610,693,711
992,655,671,622,613,687,713
993,653,671,618,614,687,715
994,652,670,614,616,687,713
995,649,667,601,612,687,709
996,645,661,595,608,687,701
997,641,656,592,603,686,691
998,636,651,592,595,685,685
999,633,647,596,588,681,681
1000,629,641,588,582,677,673
1001,624,635,585,574,673,665
1002,621,629,577,570,669,661
1003,616,624,574,566,663,659
1004,610,619,568,562,655,657
1005,603,614,558,558,645,656
1006,595,609,556,552,637,651
1007,590,604,540,547,631,647
1008,583,598,532,544,629,637
1009,579,593,530,540,627,624
1010,576,587,528,535,629,613
1011,574,582,522,531,625,609
1012,570,578,514,528,621,606
1013,562,573,507,525,613,603
1014,552,568,494,520,603,601
1015,541,564,482,520,591,598
1016,531,561,474,514,579,595
1017,521,556,466,508,573,591
1018,510,550,452,502,566,577
1019,498,543,448,498,556,562
1020,485,535,422,492,543,551
1021,470,527,406,486,529,545
1022,457,521,394,483,513,545
1023,445,517,386,472,499,543
1024,433,511,376,464,489,539
1025,425,506,368,462,481,531
1026,418,501,366,458,476,518
1027,415,498,362,449,471,512
1028,412,494,364,465,467,509
1029,407,488,376,432,457,513
1030,401,482,372,418,443,521
1031,396,479,374,412,427,527
1032,391,476,376,406,425,527
1033,386,472,380,400,420,523
1034,383,465,382,394,415,515
1035,381,459,385,388,413,509
1036,381,454,388,384,410,505
1037,383,451,390,380,410,501
1038,383,449,395,380,409,499
1039,383,447,399,380,405,499
1040,383,445,405,380,396,498
1041,383,442,407,378,389,497
1042,381,441,409,378,380,495
1043,379,440,410,380,378,495
1044,379,441,410,382,376,495
1045,379,441,411,382,376,497
1046,378,442,413,383,375,497
1047,378,442,413,384,375,498
1048,378,442,412,384,374,498
1049,378,442,412,384,373,497
1050,378,442,413,385,373,497
1051,378,443,413,386,373,497
1052,378,443,413,386,373,497
1053,378,443,413,386,373,497
1054,378,442,413,386,373,497
1055,378,443,413,386,373,497
1056,377,443,412,386,372,497
1057,377,443,412,386,372,497
1058,377,443,412,386,372,497
1059,377,443,413,388,372,497
1060,377,443,413,388,372,497
1061,377,443,413,388,372,497
1062,377,443,413,388,372,497
1063,377,443,414,388,372,497
1064,377,443,414,388,372,497
1065,377,443,414,388,372,497
1066,377,443,414,388,372,497
1067,378,443,415,388,372,497
1068,378,442,416,386,371,497
1069,378,442,415,387,371,497
1070,377,443,417,385,371,497
1071,378,442,416,383,371,497
1072,377,441,413,390,371,497
1073,377,441,411,384,371,497
1074,377,441,410,384,371,497
1075,377,441,411,384,371,497
1076,377,442,407,382,371,497
1077,377,442,399,380,372,497
1078,376,442,397,380,373,497
1079,376,441,395,377,375,496
1080,376,439,397,378,374,495
1081,376,438,397,367,372,495
1082,376,437,397,367,374,494
1083,376,436,399,370,374,494
1084,377,435,406,372,373,495
1085,377,436,408,376,373,494
1086,376,437,415,376,371,493
1087,377,435,418,375,372,493
1088,376,435,417,379,370,491
1089,376,435,415,372,372,491
1090,376,433,414,369,370,489
1091,376,433,413,370,372,489
1092,376,433,413,372,371,489
1093,376,433,413,376,368,489
1094,377,433,412,374,368,489
1095,377,433,409,374,368,489
1096,377,433,407,364,368,489
1097,377,431,406,362,370,488
1098,377,430,405,364,372,487
1099,377,428,407,362,370,485
1100,377,427,409,362,370,485
1101,377,428,408,365,369,485
1102,377,428,408,360,369,485
1103,377,427,406,357,372,485
1104,377,427,404,357,370,483
1105,377,427,404,355,372,481
1106,377,424,402,352,375,478
1107,376,421,399,352,378,475
1108,378,419,395,348,382,475
1109,380,417,395,344,381,473
1110,380,413,397,342,376,469
1111,377,407,396,336,370,465
1112,376,400,395,330,369,461
1113,377,390,395,319,372,451
1114,379,380,399,306,377,440
1115,381,370,399,296,384,430
1116,383,363,400,289,391,421
1117,385,357,404,284,390,413
1118,386,351,407,280,384,407
1119,384,346,407,278,376,401
1120,380,343,407,276,369,395
1121,379,339,406,273,366,393
1122,377,339,406,274,367,392
1123,376,337,411,276,366,392
1124,375,338,413,278,361,392
1125,374,342,413,284,359,394
1126,374,343,416,287,358,394
1127,375,343,419,288,360,394
1128,375,343,421,290,361,395
1129,377,344,422,290,362,395
1130,378,343,426,292,360,393
1131,378,344,429,298,361,393
1132,380,343,435,302,359,393
1133,381,345,438,304,357,393
1134,381,346,434,306,356,393
1135,383,345,441,309,356,394
1136,384,346,441,310,356,394
1137,385,347,441,304,356,394
1138,386,345,443,298,356,393
1139,388,342,443,293,358,390
1140,389,341,436,284,360,387
1141,390,338,434,276,362,385
1142,390,334,435,272,366,383
1143,390,330,431,268,368,381
1144,392,328,429,262,373,381
1145,394,327,426,258,378,381
1146,396,326,426,258,382,381
1147,397,323,427,256,382,378
1148,397,320,430,254,380,373
1149,396,315,434,252,378,371
1150,395,313,435,250,372,369
1151,395,313,434,248,368,369
1152,394,314,433,248,371,369
1153,395,313,431,246,374,369
1154,396,310,437,243,377,366
1155,398,307,438,240,382,363
1156,402,303,442,237,388,359
1157,407,300,445,236,395,357
1158,409,300,447,240,400,353
1159,410,298,449,241,398,351
1160,408,298,450,244,394,349
1161,407,298,451,250,391,347
1162,406,299,451,252,388,345
1163,406,299,452,255,389,347
1164,406,299,453,256,388,347
1165,406,300,453,258,388,347
1166,406,300,453,260,388,347
1167,405,300,454,262,388,347
1168,405,301,453,262,388,347
1169,406,301,455,266,388,347
1170,406,302,457,268,388,348
1171,406,302,459,271,388,348
1172,406,302,459,271,386,346
1173,406,302,459,272,386,347
1174,406,303,461,273,384,345
1175,406,302,461,273,385,347
1176,407,301,463,276,384,345
1177,407,301,463,277,384,345
1178,408,302,463,278,384,345
1179,408,302,463,278,384,345
1180,408,302,465,280,384,345
1181,409,302,465,280,384,345
1182,409,302,465,280,384,345
1183,408,303,465,280,384,345
1184,408,303,465,280,384,345
1185,408,303,465,281,384,345
1186,408,302,465,281,384,345
1187,408,302,465,281,384,345
1188,409,302,465,280,384,345
1189,409,302,466,281,384,345
1190,409,302,467,280,384,345
1191,409,301,467,281,384,345
1192,409,301,467,281,384,345
1193,408,301,466,281,384,345
1194,408,301,465,281,384,345
1195,408,301,465,281,382,342
1196,408,301,465,282,382,343
1197,408,301,465,284,382,343
1198,408,302,467,285,382,343
1199,408,302,467,285,382,343
1200,409,302,467,286,382,344
1201,409,302,469,289,382,344
1202,408,302,469,289,382,344
1203,408,302,469,288,382,343
1204,408,302,469,287,382,343
1205,408,302,469,287,382,343
1206,408,302,469,288,382,343
1207,408,302,471,289,382,343
1208,408,302,471,289,382,341
1209,408,301,471,289,380,341
1210,408,301,471,290,380,341
1211,409,301,465,291,380,341
1212,409,301,469,290,380,341
1213,409,301,471,293,380,341
1214,409,302,471,294,380,341
1215,410,302,471,294,380,341
1216,411,302,471,292,380,340
1217,410,302,475,298,380,339
1218,412,301,479,298,380,337
1219,415,300,481,301,379,333
1220,417,300,483,301,380,335
1221,417,299,487,298,380,333
1222,416,299,484,303,380,333
1223,417,299,484,304,380,333
1224,419,299,483,296,380,332
1225,420,299,486,302,380,332
1226,420,299,487,303,380,332
1227,421,299,487,307,380,331
1228,421,299,487,309,380,330
1229,421,299,487,308,380,330
1230,422,299,487,309,380,330
1231,422,299,487,309,380,330
1232,422,299,489,307,380,330
1233,422,299,487,305,380,330
1234,422,299,491,307,380,330
1235,422,298,491,305,380,329
1236,422,298,492,303,380,329
1237,424,298,494,302,380,328
1238,424,298,495,305,380,327
1239,425,298,493,307,380,327
1240,425,298,492,307,380,326
1241,426,298,491,314,380,326
1242,428,299,493,317,380,324
1243,429,299,493,319,380,323
1244,430,299,495,319,382,314
1245,432,299,497,317,382,319
1246,433,299,497,317,382,316
1247,434,299,500,321,383,314
1248,435,298,501,323,384,310
1249,436,298,503,321,384,307
1250,437,297,501,317,384,304
1251,438,297,499,325,384,298
1252,437,296,497,327,384,294
1253,438,295,496,329,384,292
1254,439,295,495,333,386,290
1255,440,295,495,333,388,286
1256,441,295,495,334,388,287
1257,442,295,497,335,390,284
1258,442,297,497,337,390,288
1259,441,298,495,337,389,294
1260,440,299,495,337,387,296
1261,440,300,495,338,388,294
1262,440,300,497,335,388,292
1263,441,300,497,343,390,290
1264,442,301,497,339,390,290
1265,443,301,495,343,390,290
1266,443,302,495,346,390,291
1267,443,302,495,346,390,292
1268,443,302,495,346,390,292
1269,443,302,494,346,390,292
1270,443,302,493,347,390,292
1271,443,302,493,347,390,292
1272,443,301,493,347,390,292
1273,443,301,492,347,390,292
1274,443,301,492,347,390,292
1275,443,301,492,347,390,292
1276,443,301,492,347,390,292
1277,443,301,492,347,390,292
1278,443,301,492,347,390,292
1279,443,301,492,347,390,292
1280,443,301,491,347,390,292
1281,443,302,491,347,390,292
1282,443,302,491,347,390,292
1283,443,302,491,347,390,292
1284,443,301,489,349,390,292
1285,443,301,489,349,390,292
1286,443,301,489,349,390,292
1287,443,301,487,349,391,290
1288,443,302,487,349,391,290
1289,443,301,485,349,391,290
1290,443,301,485,353,391,290
1291,443,302,485,355,394,288
1292,443,302,485,355,392,290
1293,443,302,485,357,392,289
1294,444,304,488,357,392,289
1295,445,305,489,357,393,289
1296,444,304,489,357,394,288
1297,444,303,487,359,394,288
1298,444,304,486,359,394,288
1299,444,304,486,359,394,288
1300,444,304,486,359,394,288
1301,445,304,485,359,394,288
1302,445,304,485,359,394,288
1303,444,303,485,359,394,288
1304,444,303,485,359,394,288
1305,444,304,485,359,394,288
1306,444,304,485,359,394,288
1307,444,304,485,358,394,288
1308,444,304,485,359,394,288
1309,444,304,487,357,394,288
1310,446,306,493,357,394,288
1311,447,306,497,355,396,288
1312,448,307,505,351,398,286
1313,452,309,513,349,402,284
1314,456,310,521,345,406,284
1315,460,310,527,341,412,282
1316,465,308,535,337,418,280
1317,470,308,539,337,422,278
1318,474,308,545,335,425,281
1319,478,311,549,341,428,288
1320,487,317,555,349,432,298
1321,497,323,561,357,440,308
1322,505,328,571,361,448,318
1323,514,333,585,361,458,319
1324,523,337,593,365,468,322
1325,533,340,601,369,480,322
1326,541,344,611,371,487,326
1327,547,349,617,373,494,338
1328,551,353,621,373,496,348
1329,557,358,629,369,504,356
1330,564,362,635,369,508,361
1331,570,366,640,373,516,360
1332,575,367,637,379,524,356
1333,583,365,651,373,532,354
1334,587,363,657,362,537,356
1335,591,363,665,365,543,362
1336,596,364,661,369,546,364
1337,595,365,657,369,546,371
1338,599,364,668,361,548,371
1339,600,363,671,359,550,368
1340,601,362,670,357,552,369
1341,604,361,675,353,554,366
1342,607,359,677,352,556,365
1343,606,357,682,354,556,366
1344,609,356,677,361,560,370
1345,608,357,681,363,552,362
1346,605,358,678,365,552,362
1347,605,360,675,367,550,364
1348,605,361,673,367,550,364
1349,607,363,673,371,552,364
1350,610,364,675,373,554,364
1351,614,365,683,371,558,362
1352,620,365,691,368,562,362
1353,628,365,699,364,570,367
1354,639,366,711,360,582,367
1355,650,366,723,357,594,373
1356,659,365,725,350,606,379
1357,670,362,741,350,618,379
1358,678,360,749,346,626,378
1359,681,359,749,349,632,374
1360,685,354,757,344,634,364
1361,685,350,755,343,634,361
1362,684,348,753,344,634,361
1363,683,349,752,343,634,359
1364,682,350,749,345,634,359
1365,682,350,749,353,634,359
1366,683,351,749,355,636,361
1367,682,350,749,357,636,361
1368,683,350,749,361,636,358
1369,679,348,741,365,636,358
1370,681,350,745,367,636,357
1371,680,350,745,365,634,358
1372,679,350,745,366,634,358
1373,677,350,723,339,634,359
1374,679,352,743,365,634,358
1375,679,352,741,365,634,358
1376,680,351,745,357,634,361
1377,679,351,743,355,634,361
1378,678,350,745,358,634,361
1379,679,351,745,365,632,358
1380,679,352,745,365,631,358
1381,680,352,746,367,632,358
1382,680,352,744,361,630,358
1383,681,352,747,371,632,358
1384,683,354,750,371,632,358
1385,685,355,752,371,634,356
1386,687,355,753,375,634,356
1387,688,356,753,377,636,354
1388,688,356,751,378,636,354
1389,686,355,747,381,636,354
1390,684,354,739,385,636,354
1391,683,355,735,386,634,356
1392,682,355,733,387,634,356
1393,680,355,729,393,634,354
1394,680,356,727,395,634,352
1395,679,356,725,397,634,352
1396,679,355,725,397,634,352
1397,677,353,725,395,634,352
1398,676,352,727,393,633,354
1399,678,354,725,395,633,354
1400,677,353,725,395,633,354
1401,677,353,725,395,633,354
1402,678,354,725,395,633,354
1403,678,354,725,395,633,354
1404,678,354,725,393,634,352
1405,679,354,725,395,634,352
1406,678,354,725,395,634,352
1407,679,354,727,389,634,352
1408,679,354,725,393,634,352
1409,679,355,725,395,634,352
1410,679,355,725,395,634,352
1411,679,355,725,397,634,352
1412,678,355,725,399,634,352
1413,680,356,722,397,634,352
1414,679,357,717,403,634,352
1415,679,357,709,409,660,328
1416,679,359,707,411,660,328
1417,679,360,705,413,666,326
1418,680,361,705,415,662,328
1419,681,362,708,417,662,328
1420,682,364,709,419,636,348
1421,684,366,713,423,638,348
1422,688,371,718,431,642,348
1423,695,378,726,441,648,349
1424,702,388,731,455,658,350
1425,709,396,741,463,668,352
1426,714,403,744,471,678,356
1427,719,412,745,481,688,362
1428,723,421,747,491,698,371
1429,725,429,749,497,697,382
1430,727,435,747,507,697,392
1431,728,444,751,517,697,402
1432,729,454,751,526,697,410
1433,730,463,747,533,700,414
1434,731,469,737,543,708,417
1435,732,475,733,549,716,422
1436,732,483,737,553,724,430
1437,732,497,719,571,731,441
1438,731,508,721,585,732,456
1439,731,522,720,595,723,470
1440,727,537,716,608,714,476
1441,724,550,712,623,724,496
1442,725,562,712,639,724,505
1443,727,579,717,655,736,524
1444,728,591,716,669,732,533
1445,728,606,714,680,730,548
1446,726,621,714,695,725,560
1447,725,638,718,709,714,577
1448,723,652,722,723,708,592
1449,722,665,731,737,708,604
1450,723,677,727,751,712,618
1451,723,689,714,763,716,630
1452,721,701,710,777,716,644
1453,719,714,708,787,709,658
1454,714,724,704,795,702,668
1455,710,730,701,798,702,675
1456,709,737,704,813,707,684
1457,711,746,702,816,713,693
1458,713,756,694,823,717,701
1459,714,760,694,818,718,708
1460,712,768,687,837,716,716
1461,709,774,682,841,710,720
1462,706,780,685,847,706,725
1463,703,784,680,849,706,729
1464,702,788,680,853,708,732
1465,701,792,679,857,712,738
1466,703,794,678,859,713,744
1467,704,796,674,861,714,746
1468,703,798,672,863,716,748
1469,702,801,672,867,717,750
1470,701,809,672,871,716,754
1471,698,814,670,879,711,756
1472,695,817,668,885,705,760
1473,693,822,668,891,697,764
1474,691,828,665,893,688,771
1475,689,834,661,895,685,778
1476,686,838,661,903,684,782
1477,684,844,662,911,682,786
1478,683,850,662,917,684,794
1479,683,855,656,925,687,803
1480,683,866,653,931,690,810
1481,685,871,650,935,696,816
1482,686,872,650,934,696,820
1483,686,875,653,939,692,822
1484,684,875,648,933,688,824
1485,682,875,644,927,684,823
1486,681,874,638,924,682,822
1487,680,873,634,922,685,823
1488,680,871,632,919,683,822
1489,680,871,630,918,683,821
1490,678,872,634,923,684,821
1491,674,875,628,925,685,822
1492,670,879,624,931,686,824
1493,666,885,620,941,687,830
1494,662,891,618,951,688,836
1495,658,897,618,957,690,846
1496,657,900,620,965,690,854
1497,655,904,621,973,685,856
1498,653,909,620,974,677,858
1499,652,912,618,979,670,860
1500,649,917,618,983,662,864
1501,647,917,626,986,654,865
1502,646,917,627,985,649,866
1503,645,919,634,985,645,866
1504,645,923,636,985,646,867
1505,643,925,638,983,646,873
1506,644,925,647,983,646,874
1507,645,925,647,985,646,876
1508,646,926,649,987,646,876
1509,646,928,651,991,648,877
1510,647,929,649,994,651,878
1511,647,931,651,995,648,878
1512,647,932,657,995,648,878
1513,647,934,657,995,648,880
1514,648,935,659,995,648,883
1515,649,937,661,997,648,884
1516,650,937,661,999,646,884
1517,650,936,657,1003,648,883
1518,651,936,659,1005,648,882
1519,652,936,663,1005,648,880
1520,652,937,663,1009,647,880
1521,650,942,665,1011,648,880
1522,654,933,669,1013,646,878
1523,653,937,673,1016,642,880
1524,654,943,679,1020,644,884
1525,657,953,687,1027,642,893
1526,661,965,695,1037,644,906
1527,667,972,699,1045,644,918
1528,672,977,709,1045,648,924
1529,677,979,707,1049,660,926
1530,679,978,709,1047,658,929
1531,684,980,709,1046,663,932
1532,695,992,711,1043,673,936
1533,694,988,709,1037,700,944
1534,695,982,705,1033,686,933
1535,694,978,708,1028,684,929
1536,694,975,711,1025,684,928
1537,694,974,713,1023,684,928
1538,694,973,713,1021,684,928
1539,694,974,715,1023,684,927
1540,695,977,716,1029,684,928
1541,696,981,715,1038,684,930
1542,697,986,714,1045,686,937
1543,700,991,717,1049,686,944
1544,703,993,717,1051,688,948
1545,705,994,718,1049,688,948
1546,707,994,720,1047,691,948
1547,711,993,726,1043,694,948
1548,712,992,723,1043,698,948
1549,711,992,719,1045,698,946
1550,708,993,717,1049,696,946
1551,707,996,718,1051,698,948
1552,707,997,718,1052,696,950
1553,707,997,720,1051,696,951
1554,708,995,725,1043,696,952
1555,709,993,727,1039,698,950
1556,710,991,729,1035,696,950
1557,710,989,730,1031,676,962
1558,710,989,716,1035,698,950
1559,710,991,740,1029,676,960
1560,711,994,729,1043,698,950
1561,711,996,727,1047,676,962
1562,713,997,727,1051,700,952
1563,714,997,731,1051,702,950
1564,713,995,731,1049,698,948
1565,713,992,731,1045,700,946
1566,711,993,730,1041,700,946
1567,711,993,739,1035,700,946
1568,711,993,737,1035,698,950
1569,712,993,733,1039,678,962
1570,713,993,735,1046,700,948
1571,715,997,737,1053,700,948
1572,718,998,745,1053,680,962
1573,722,999,751,1053,704,952
1574,725,999,753,1053,705,952
1575,727,998,755,1053,705,952
1576,729,997,756,1053,706,951
1577,730,996,757,1051,708,950
1578,731,995,761,1045,706,952
1579,732,995,767,1039,708,950
1580,732,993,769,1037,705,950
1581,733,992,771,1039,705,948
1582,733,992,773,1041,704,944
1583,733,993,777,1043,704,944
1584,735,994,783,1045,704,946
1585,741,998,787,1049,708,950
1586,745,999,793,1048,695,971
1587,748,995,793,1043,700,970
1588,747,993,789,1039,700,961
1589,746,990,793,1030,696,960
1590,743,983,791,1022,714,932
1591,737,976,787,1011,710,924
1592,733,970,783,1001,692,950
1593,729,961,779,993,704,916
1594,724,952,775,985,700,910
1595,719,942,771,973,692,902
1596,713,931,771,953,684,896
1597,708,925,771,935,674,892
1598,703,917,766,923,670,890
1599,696,911,755,917,666,884
1600,693,905,755,909,662,880
1601,688,900,757,899,656,881
1602,684,898,751,886,646,880
1603,682,898,741,874,640,888
1604,682,898,729,862,648,911
1605,682,896,725,850,660,927
1606,683,895,722,844,660,927
1607,684,892,718,836,665,929
1608,686,888,715,827,664,927
1609,688,884,711,820,666,925
1610,688,880,703,812,668,923
1611,688,874,695,804,670,921
1612,686,868,686,794,661,915
1613,682,862,674,794,664,912
1614,679,856,662,788,671,911
1615,678,851,656,784,681,907
1616,677,847,648,782,687,903
1617,674,840,640,778,693,897
1618,669,831,630,772,701,883
1619,663,821,620,763,703,867
1620,654,811,612,752,694,857
1621,643,798,604,738,680,845
1622,630,784,594,722,669,831
1623,618,769,581,708,662,815
1624,606,754,565,694,653,793
1625,591,738,552,682,639,777
1626,577,723,529,690,621,765
1627,563,709,518,674,605,751
1628,549,694,523,640,591,739
1629,537,679,494,638,583,721
1630,528,664,486,617,574,703
1631,517,647,476,602,561,689
1632,506,630,472,568,541,679
1633,494,615,454,554,529,666
1634,482,600,444,536,516,652
1635,470,585,436,519,507,637
1636,460,569,428,503,501,614
1637,451,554,418,488,492,596
1638,440,538,410,475,479,583
1639,431,525,388,462,467,573
1640,420,513,380,448,453,563
1641,410,501,374,434,445,551
1642,403,492,374,425,441,543
1643,399,484,371,418,441,531
1644,396,475,367,408,439,519
1645,393,465,366,396,436,509
1646,387,454,364,382,421,505
1647,381,443,362,372,411,497
1648,375,432,364,360,399,489
1649,370,421,372,350,393,477
1650,367,412,378,344,390,465
1651,367,403,380,336,384,457
1652,368,396,382,328,380,449
1653,368,390,384,322,374,445
1654,366,386,385,318,364,441
1655,363,385,385,318,357,441
1656,362,386,386,320,358,441
1657,362,387,387,323,359,441
1658,361,388,386,324,357,441
1659,361,388,388,326,357,443
1660,362,389,390,328,357,443
1661,362,387,392,328,357,443
1662,362,387,388,328,357,442
1663,362,385,394,328,357,441
1664,363,384,395,332,356,439
1665,364,384,403,326,357,439
1666,364,384,402,334,355,438
1667,364,384,405,332,355,438
1668,364,384,407,334,354,437
1669,364,384,410,337,352,437
1670,364,385,411,340,352,437
1671,364,386,412,343,352,437
1672,364,386,413,344,352,437
1673,364,386,415,346,352,437
1674,365,387,415,346,351,437
1675,364,387,416,349,352,437
1676,364,387,415,348,352,437
1677,364,387,415,348,352,437
1678,364,387,415,348,352,437
1679,364,387,415,348,352,437
1680,364,387,415,347,352,437
1681,364,387,414,347,352,437
1682,364,387,415,348,352,437
1683,364,387,415,348,350,436
1684,364,388,411,344,350,436
1685,364,389,405,338,352,439
1686,365,387,401,330,354,438
1687,365,385,395,324,356,436
1688,365,381,390,316,358,434
1689,366,375,389,308,358,430
1690,368,367,389,296,360,423
1691,371,358,392,289,366,415
1692,374,349,400,282,370,405
1693,379,340,403,272,374,395
1694,384,331,408,264,378,387
1695,388,325,413,260,377,381
1696,388,323,414,262,374,376
1697,386,324,416,262,366,373
1698,384,325,417,270,360,371
1699,382,326,414,274,360,372
1700,380,329,394,282,359,371
1701,379,330,395,287,358,370
1702,379,332,416,290,356,370
1703,379,332,415,286,354,372
1704,379,331,414,284,356,371
1705,378,331,413,286,356,371
1706,378,331,415,282,356,371
1707,378,330,417,282,356,371
1708,378,330,417,286,356,370
1709,378,330,420,289,355,370
1710,377,331,422,290,354,370
1711,377,332,423,295,354,370
1712,378,332,425,298,354,370
1713,379,333,431,304,354,371
1714,379,333,433,306,354,371
1715,380,332,434,307,354,369
1716,381,332,437,308,352,369
1717,382,332,439,307,352,367
1718,383,332,439,310,352,367
1719,383,332,441,315,352,367
1720,383,332,440,318,352,367
1721,382,333,440,321,352,367
1722,382,333,439,322,350,367
1723,382,334,438,326,350,367
1724,384,334,439,330,350,367
1725,385,334,441,333,350,367
1726,387,333,443,335,350,366
1727,389,333,446,337,350,362
1728,391,332,447,341,352,365
1729,393,332,451,339,352,363
1730,397,331,456,341,353,361
1731,401,331,459,347,355,359
1732,406,331,465,347,358,356
1733,409,331,471,345,358,351
1734,410,331,471,345,359,344
1735,410,329,472,343,358,338
1736,409,327,469,347,356,334
1737,407,325,465,349,350,332
1738,404,327,465,349,348,329
1739,404,328,467,351,348,322
1740,404,327,467,351,352,323
1741,407,327,469,349,354,322
1742,408,326,474,349,356,322
1743,410,325,475,351,358,322
1744,412,325,476,349,360,321
1745,413,325,479,351,360,320
1746,415,325,483,347,361,320
1747,415,325,479,348,362,321
1748,415,325,478,347,361,323
1749,416,325,479,351,362,320
1750,417,324,479,351,363,321
1751,417,326,481,353,364,320
1752,418,327,485,353,363,324
1753,417,328,483,355,363,326
1754,418,329,485,357,362,326
1755,418,330,487,358,362,326
1756,417,330,485,359,362,324
1757,416,330,481,358,362,324
1758,416,330,481,359,362,324
1759,415,330,477,363,361,324
1760,414,329,465,371,361,324
1761,413,329,461,369,360,324
1762,412,329,455,375,360,323
1763,411,330,451,378,360,322
1764,410,330,447,379,360,318
1765,408,329,435,381,360,316
1766,406,328,425,380,358,316
1767,405,329,423,381,386,296
1768,404,330,421,383,382,297
1769,404,331,415,384,382,296
1770,403,331,409,386,391,294
1771,402,334,407,392,396,294
1772,402,338,403,401,392,298
1773,404,346,394,413,407,304
1774,405,358,389,425,409,310
1775,406,369,392,443,384,316
1776,405,382,384,443,391,325
1777,403,397,382,458,399,336
1778,402,407,372,479,403,350
1779,401,419,371,491,402,364
1780,398,431,368,497,395,374
1781,395,439,368,490,391,384
1782,391,453,368,526,390,394
1783,389,466,360,539,392,404
1784,389,479,358,553,400,422
1785,387,496,355,568,402,435
1786,383,511,352,580,395,452
1787,377,524,348,593,383,466
1788,372,538,344,593,371,484
1789,366,555,370,611,368,495
1790,363,576,344,655,370,513
1791,361,593,343,669,370,533
1792,360,607,362,659,368,548
1793,356,622,329,694,360,561
1794,352,635,327,701,354,573
1795,350,644,326,697,347,586
1796,347,654,320,728,349,600
1797,343,669,318,739,351,608
1798,347,678,316,747,357,621
1799,346,682,313,753,362,628
1800,343,686,310,759,363,632
1801,343,693,306,761,360,636
1802,340,699,310,765,356,641
1803,339,703,308,768,353,644
1804,337,707,303,771,349,649
1805,335,712,296,772,347,654
1806,333,714,294,774,340,656
1807,330,715,292,775,337,658
1808,327,717,289,776,334,656
1809,327,716,288,777,334,658
1810,325,717,284,777,335,660
1811,323,721,282,777,337,661
1812,324,722,285,779,337,662
1813,323,723,282,776,339,664
1814,325,721,282,775,336,663
1815,325,719,284,774,337,663
1816,325,718,282,774,337,664
1817,324,717,280,773,337,664
1818,323,718,275,773,336,664
1819,323,717,270,769,337,665
1820,322,719,273,771,337,666
1821,322,719,270,769,337,666
1822,321,719,266,766,339,668
1823,319,722,264,766,342,670
1824,317,729,262,765,348,674
1825,316,730,260,762,353,696
1826,317,727,256,758,354,684
1827,316,728,254,757,355,684
1828,315,728,256,759,355,685
1829,315,729,246,752,353,686
1830,313,731,244,752,353,692
1831,311,734,252,759,350,688
1832,310,733,250,759,349,688
1833,308,734,247,757,349,690
1834,307,734,244,757,349,691
1835,306,735,242,753,349,692
1836,305,736,242,754,348,691
1837,305,736,242,751,349,709
1838,308,733,246,754,349,698
1839,309,733,244,741,349,694
1840,308,733,238,741,349,694
1841,307,733,238,741,349,694
1842,306,732,236,735,349,695
1843,305,732,236,735,350,699
1844,305,732,236,728,349,695
1845,305,732,236,728,349,695
1846,305,732,236,728,349,695
1847,304,732,236,728,349,695
1848,304,732,236,726,349,696
1849,304,732,240,740,349,696
1850,304,733,240,739,349,696
1851,304,733,240,738,349,696
1852,304,733,240,739,349,696
1853,304,733,240,737,349,696
1854,304,733,240,740,349,696
1855,304,733,240,740,349,696
1856,304,733,236,724,349,696
1857,304,733,236,726,349,696
1858,304,733,236,726,349,696
1859,304,733,240,741,349,696
1860,304,733,236,724,349,696
1861,304,733,240,730,349,696
1862,304,733,240,728,349,696
1863,304,733,240,726,349,696
1864,304,733,240,726,349,696
1865,304,733,240,728,349,696
1866,304,733,240,735,349,696
1867,303,733,240,730,349,696
1868,303,733,240,724,349,696
1869,303,733,240,724,349,697
1870,303,733,240,723,349,698
1871,303,733,240,724,349,698
1872,303,733,240,726,349,697
1873,303,733,240,726,349,697
1874,303,733,240,726,349,698
1875,303,733,240,724,349,698
1876,303,733,240,724,349,698
1877,303,733,238,728,349,698
1878,303,733,238,728,349,698
1879,303,733,240,722,350,703
1880,303,733,240,718,350,703
1881,303,733,240,718,349,698
1882,303,733,240,718,349,698
1883,302,733,240,719,350,703
1884,303,733,240,720,349,698
1885,303,733,240,722,350,703
1886,303,733,240,722,349,698
1887,303,733,240,720,350,698
1888,303,733,240,720,350,698
1889,303,733,240,720,350,698
1890,303,733,240,717,350,699
1891,302,733,240,716,350,698
1892,303,732,240,720,350,698
1893,302,733,240,720,350,703
1894,302,733,240,721,350,703
1895,302,733,240,720,350,703
1896,303,733,240,722,350,700
1897,302,733,240,720,350,700
1898,302,733,240,720,350,700
1899,302,733,240,720,350,700
1900,302,733,240,718,350,700
1901,302,733,240,718,350,700
1902,302,733,240,716,350,700
1903,302,733,240,716,350,700
1904,302,733,240,716,350,700
1905,302,733,239,718,350,700
1906,302,733,240,716,350,700
1907,302,733,240,716,350,700
1908,302,732,240,714,351,701
1909,302,732,240,714,351,701
1910,302,733,240,715,351,701
1911,302,733,238,718,351,701
1912,302,733,240,714,351,701
1913,302,732,240,714,351,701
1914,302,732,240,714,351,701
1915,302,732,240,714,351,701
1916,302,732,240,714,351,701
1917,302,732,240,714,351,701
1918,302,732,240,714,350,701
1919,302,732,238,716,350,701
1920,301,732,238,716,350,703
1921,301,732,238,716,350,703
1922,301,732,238,716,350,703
1923,302,732,240,712,350,703
1924,302,732,238,716,350,703
1925,302,732,240,712,350,703
1926,302,732,238,716,350,703
1927,302,732,238,716,350,703
1928,302,732,240,711,349,729
1929,301,732,240,712,349,729
1930,301,732,240,712,350,703
1931,301,732,240,712,349,700
1932,301,732,240,712,349,729
1933,301,732,240,712,349,729
1934,301,732,240,712,350,700
1935,301,732,242,708,349,729
1936,301,732,242,708,349,729
1937,301,732,242,708,349,729
1938,301,732,242,708,349,729
1939,301,732,242,708,347,735
1940,301,732,242,708,347,735
1941,301,732,242,708,347,735
1942,301,732,242,708,347,735
1943,301,732,242,708,347,735
1944,301,732,242,708,347,733
1945,301,732,242,708,347,733
1946,301,732,242,708,347,733
1947,301,732,242,708,350,703
1948,300,732,242,708,350,703
1949,300,732,242,708,350,703
1950,300,732,242,708,347,733
1951,300,731,242,708,347,733
1952,300,731,242,708,347,733
1953,300,732,242,708,347,733
1954,300,731,244,704,347,733
1955,300,731,246,700,347,733
1956,300,731,244,704,347,733
1957,300,731,246,700,345,739
1958,300,731,243,706,347,733
1959,300,731,244,704,347,733
1960,300,731,246,700,345,739
1961,300,731,246,700,345,739
1962,300,731,244,706,347,733
1963,300,731,244,704,347,733
1964,300,731,246,700,347,733
1965,300,731,242,708,347,733
1966,300,731,242,708,347,733
1967,300,731,246,700,347,733
1968,300,731,246,700,345,739
1969,300,731,246,700,345,739
1970,300,731,246,700,345,739
1971,300,731,244,704,347,733
1972,300,731,246,700,347,733
1973,300,731,248,701,347,731
1974,299,731,256,750,349,704
1975,299,731,256,748,349,704
1976,298,729,248,719,349,709
1977,296,728,248,708,349,712
1978,295,728,252,690,349,721
1979,294,729,254,684,349,727
1980,292,730,256,682,347,736
1981,290,732,256,682,345,743
1982,288,733,262,678,341,749
1983,287,732,268,676,339,752
1984,287,730,272,672,339,753
1985,288,728,274,670,339,752
1986,287,727,280,668,337,752
1987,286,726,284,668,331,755
1988,285,724,292,668,301,763
1989,285,720,274,671,325,755
1990,287,716,306,666,286,757
1991,288,713,311,660,292,757
1992,288,710,315,656,288,755
1993,289,707,317,654,291,755
1994,290,705,323,656,291,753
1995,291,703,327,656,279,745
1996,293,701,328,654,299,753
1997,294,700,331,654,296,753
1998,293,700,335,656,291,753
1999,291,699,337,658,288,753
2000,290,698,337,660,283,751
2001,289,696,339,662,277,747
2002,289,695,341,664,273,745
2003,289,694,343,668,268,742
2004,290,695,345,675,268,743
2005,291,696,345,676,268,742
2006,292,698,349,681,268,743
2007,292,698,351,681,268,744
2008,293,697,353,682,268,743
2009,295,697,355,683,268,743
2010,295,696,355,684,266,738
2011,297,696,357,685,266,737
2012,298,696,359,688,266,737
2013,299,696,363,691,264,734
2014,299,695,363,690,264,734
2015,300,695,364,690,264,733
2016,302,694,369,699,264,733
2017,304,694,371,699,264,731
2018,306,694,371,701,264,729
2019,307,694,373,701,264,728
2020,308,694,375,701,264,729
2021,309,695,377,702,264,727
2022,310,696,379,702,264,727
2023,312,697,377,703,262,722
2024,313,696,379,703,262,721
2025,313,695,379,708,260,716
2026,313,693,378,709,260,713
2027,314,693,377,712,260,710
2028,314,693,377,713,261,712
2029,314,693,377,713,262,704
2030,314,693,375,715,262,704
2031,314,693,373,715,262,704
2032,315,693,371,717,262,704
2033,315,694,371,721,262,704
2034,316,695,371,723,262,708
2035,317,696,373,721,264,704
2036,317,696,373,725,264,703
2037,318,696,373,729,264,702
2038,318,696,373,730,264,702
2039,318,696,373,732,264,703
2040,319,696,373,733,266,700
2041,319,696,371,735,268,694
2042,320,696,371,735,268,694
2043,320,696,371,737,268,694
2044,322,697,371,739,270,692
2045,324,697,368,743,272,690
2046,326,696,368,745,274,688
2047,329,697,372,743,276,690
2048,330,700,369,749,278,692
2049,332,702,371,751,280,692
2050,334,704,373,755,282,692
2051,336,706,373,759,286,690
2052,338,709,373,763,288,690
2053,339,711,378,763,290,689
2054,340,713,376,769,292,687
2055,341,716,377,773,294,685
2056,343,719,377,778,298,682
2057,345,720,377,781,304,680
2058,348,721,375,785,308,680
2059,350,722,373,788,310,682
2060,351,724,372,792,314,682
2061,353,726,373,794,324,680
2062,353,723,357,775,324,682
2063,355,725,373,799,324,684
2064,357,728,373,801,326,684
2065,357,728,379,797,326,686
2066,359,731,371,805,327,688
2067,361,733,376,799,328,690
2068,362,736,373,803,334,690
2069,363,739,367,807,336,692
2070,364,741,363,809,338,694
2071,365,744,361,812,340,696
2072,364,746,356,815,340,698
2073,364,749,352,817,344,698
2074,363,751,352,820,342,700
2075,362,754,350,823,342,702
2076,362,756,355,827,346,702
2077,362,758,349,829,358,702
2078,364,758,346,829,363,702
2079,367,755,343,821,369,702
2080,370,754,344,825,375,701
2081,370,758,341,825,376,703
2082,369,762,332,823,375,708
2083,368,765,330,827,375,712
2084,368,770,332,831,375,716
2085,368,774,330,833,377,720
2086,367,777,330,835,373,722
2087,367,780,326,835,371,724
2088,367,782,327,837,368,724
2089,366,784,324,837,368,728
2090,364,786,322,839,370,732
2091,362,788,318,839,367,732
2092,361,789,316,841,371,738
2093,360,788,313,842,367,737
2094,358,790,314,847,366,738
2095,355,794,313,849,375,744
2096,354,797,306,845,377,746
2097,355,799,305,851,383,750
2098,355,802,303,853,386,754
2099,354,805,302,854,385,756
2100,353,808,302,859,386,764
2101,348,810,300,863,382,760
2102,348,810,304,865,378,762
2103,349,810,310,869,375,762
2104,349,810,313,873,370,758
2105,353,809,316,873,371,758
2106,355,809,322,873,370,758
2107,354,816,331,880,376,772
2108,352,813,333,883,370,760
2109,352,813,335,884,370,761
2110,352,814,336,889,368,762
2111,350,819,334,891,366,765
2112,350,824,337,895,367,768
2113,349,825,341,897,369,768
2114,351,824,344,897,372,770
2115,353,826,347,899,371,770
2116,354,831,349,903,367,772
2117,353,836,355,907,359,776
2118,353,841,355,913,350,780
2119,352,849,359,919,348,786
2120,352,856,357,925,352,796
2121,354,861,352,931,358,802
2122,358,865,352,935,363,808
2123,361,868,354,939,371,812
2124,363,871,356,947,374,814
2125,365,874,356,951,377,816
2126,366,874,357,951,379,816
2127,367,873,358,951,379,816
2128,366,873,359,953,379,816
2129,365,876,361,952,376,816
2130,365,879,359,955,375,818
2131,366,881,356,955,373,820
2132,366,885,358,961,372,822
2133,366,890,358,967,369,826
2134,365,896,356,971,366,833
2135,364,901,352,979,364,842
2136,363,910,352,985,368,850
2137,363,917,346,997,370,858
2138,361,925,342,1002,367,866
2139,359,932,338,1007,362,872
2140,355,939,336,1013,360,880
2141,352,945,334,1015,363,888
2142,354,950,330,1015,368,894
2143,355,960,330,1019,377,910
2144,358,960,332,1025,376,900
2145,357,963,329,1027,375,902
2146,356,972,328,1033,375,912
2147,355,978,327,1039,364,916
2148,352,985,327,1044,356,922
2149,349,991,322,1045,354,929
2150,346,991,318,1045,352,933
2151,345,992,314,1045,352,938
2152,345,994,311,1045,352,943
2153,345,998,308,1045,370,962
2154,344,999,306,1045,367,960
2155,343,998,308,1045,367,962
2156,342,999,306,1045,369,967
2157,340,1002,306,1045,348,958
2158,340,1003,306,1045,350,956
2159,339,1003,299,1041,352,954
2160,338,1001,294,1039,353,952
2161,337,999,288,1034,359,950
2162,336,998,280,1032,363,948
2163,335,997,274,1033,365,945
2164,332,996,266,1033,369,946
2165,329,995,260,1029,369,944
2166,329,994,260,1029,371,943
2167,330,991,258,1025,373,942
2168,330,990,256,1021,375,942
2169,329,988,254,1017,375,942
2170,327,986,250,1011,375,942
2171,325,985,246,1006,374,938
2172,323,983,243,998,377,941
2173,324,982,242,993,379,945
2174,324,982,242,980,383,953
2175,325,981,246,976,387,958
2176,326,982,246,970,387,957
2177,323,984,248,974,377,979
2178,324,981,250,962,384,955
2179,324,981,252,962,384,957
2180,322,979,250,959,383,963
2181,321,978,250,956,383,959
2182,319,978,248,951,381,961
2183,316,977,246,944,379,965
2184,312,974,240,942,377,965
2185,307,971,234,940,371,965
2186,302,969,230,934,352,999
2187,296,967,224,936,358,959
2188,291,965,224,930,351,963
2189,285,963,218,934,345,967
2190,279,963,212,940,339,959
2191,269,963,198,932,330,961
2192,261,962,190,928,321,965
2193,256,962,184,930,317,964
2194,250,960,178,930,313,961
2195,247,959,172,928,309,958
2196,242,957,166,930,305,957
2197,239,955,168,932,302,956
2198,239,955,167,936,301,957
2199,241,957,167,944,300,955
2200,242,958,166,948,299,959
2201,242,960,172,946,301,957
2202,240,961,170,954,299,957
2203,241,962,170,958,299,954
2204,243,964,174,958,299,954
2205,242,965,180,956,299,959
2206,242,964,174,972,299,953
2207,241,963,176,973,301,954
2208,240,964,176,977,301,953
2209,240,966,176,979,301,954
2210,240,966,178,981,301,954
2211,240,965,178,984,301,954
2212,241,965,180,984,301,954
2213,243,965,192,971,301,954
2214,246,965,196,973,304,952
2215,249,965,200,974,307,951
2216,252,966,202,973,309,950
2217,255,966,206,974,311,950
2218,257,966,208,975,313,948
2219,258,966,210,975,314,948
2220,259,965,220,1002,315,948
2221,260,966,222,1002,315,947
2222,261,965,222,1002,315,946
2223,261,965,223,1002,315,946
2224,261,965,212,977,315,946
2225,261,964,209,977,315,946
2226,262,966,211,977,315,946
2227,263,966,209,976,317,948
2228,265,963,226,999,317,946
2229,265,961,220,974,318,946
2230,265,960,220,977,319,942
2231,267,962,234,1003,319,940
2232,269,962,222,976,319,938
2233,271,962,238,1003,320,936
2234,273,964,238,1003,321,936
2235,273,963,235,1001,321,938
2236,275,966,234,999,321,939
2237,277,967,232,996,324,941
2238,279,967,234,996,325,940
2239,279,967,234,996,325,940
2240,278,968,236,1003,325,940
2241,277,967,236,1001,325,940
2242,277,967,236,1001,325,940
2243,277,969,230,994,325,940
2244,275,968,216,976,325,941
2245,274,970,226,995,325,942
2246,273,970,224,992,325,942
2247,274,968,224,995,327,942
2248,273,968,222,994,325,942
2249,272,968,223,999,325,942
2250,271,968,220,996,325,944
2251,270,971,219,993,324,945
2252,270,972,220,993,321,950
2253,271,972,220,991,324,946
2254,269,973,218,991,319,942
2255,271,971,216,991,325,945
2256,270,970,216,991,325,944
2257,269,970,214,991,325,944
2258,267,968,213,992,325,944
2259,267,968,211,992,325,944
2260,266,968,209,993,323,945
2261,265,969,208,994,322,946
2262,263,973,208,994,320,946
2263,263,973,208,993,320,951
2264,265,972,209,988,315,944
2265,269,967,212,990,327,948
2266,271,964,213,989,328,946
2267,270,963,212,990,329,946
2268,269,962,214,995,327,946
2269,269,961,214,987,328,949
2270,268,962,216,1002,313,924
2271,268,964,212,999,327,948
2272,269,965,212,998,327,948
2273,269,967,211,994,327,949
2274,268,968,209,990,327,950
2275,268,968,210,991,327,950
2276,268,969,210,993,327,949
2277,269,966,210,991,327,949
2278,268,965,210,991,327,950
2279,268,965,210,995,327,948
2280,268,965,210,977,327,948
2281,268,965,212,987,327,948
2282,269,966,222,1006,315,926
2283,269,967,208,996,327,951
2284,267,968,207,996,315,926
2285,267,969,206,995,315,926
2286,267,968,206,993,326,952
2287,266,969,205,993,314,926
2288,265,969,204,994,325,952
2289,264,969,203,994,311,924
2290,263,969,202,997,310,924
2291,263,971,204,995,310,925
2292,264,973,190,983,323,953
2293,265,973,188,982,326,952
2294,265,970,190,987,325,952
2295,263,970,188,984,311,926
2296,263,969,188,987,325,951
2297,263,970,188,986,321,948
2298,265,970,191,983,321,957
2299,267,971,194,980,325,950
2300,269,969,212,991,327,950
2301,270,971,212,988,328,950
2302,271,971,214,989,327,952
2303,273,969,216,989,329,950
2304,273,968,217,988,331,950
2305,273,969,218,988,331,950
2306,274,969,218,988,329,955
2307,274,969,218,992,331,951
2308,275,967,218,996,333,951
2309,273,967,216,995,331,951
2310,273,968,214,992,329,951
2311,270,972,213,991,313,926
2312,270,970,212,991,329,952
2313,271,970,212,989,327,953
2314,270,969,212,991,329,952
2315,270,969,212,991,329,952
2316,269,970,210,989,313,926
2317,268,969,208,988,314,926
2318,268,968,208,989,328,950
2319,267,966,206,987,329,950
2320,266,966,206,990,329,950
2321,264,966,204,989,327,950
2322,262,970,201,986,311,926
2323,258,969,182,966,321,951
2324,256,968,180,964,317,952
2325,253,972,176,964,315,955
2326,249,972,172,960,311,957
2327,245,973,169,960,309,975
2328,241,974,166,956,309,975
2329,237,973,166,950,307,977
2330,234,973,166,946,307,976
2331,231,972,166,943,297,972
2332,231,970,166,944,296,972
2333,230,969,164,950,294,972
2334,228,967,160,938,291,975
2335,226,965,158,938,285,977
2336,224,963,158,934,283,959
2337,220,962,154,932,281,965
2338,217,960,156,922,277,971
2339,214,959,156,918,272,974
2340,210,958,156,912,269,974
2341,206,956,156,906,263,974
2342,202,953,160,898,259,968
2343,199,949,162,894,255,964
2344,199,945,164,890,253,961
2345,201,941,172,884,253,962
2346,201,938,181,878,251,965
2347,201,935,185,873,251,965
2348,200,932,190,868,207,983
2349,199,929,190,862,208,983
2350,199,925,190,858,208,982
2351,199,921,192,854,239,965
2352,198,917,204,850,231,965
2353,197,911,217,848,223,963
2354,197,905,223,846,216,959
2355,197,901,229,846,206,953
2356,198,897,231,843,205,949
2357,200,893,237,839,207,947
2358,202,889,241,834,208,943
2359,204,887,242,836,204,939
2360,203,886,240,843,200,937
2361,200,886,219,839,196,936
2362,198,886,221,840,192,936
2363,198,887,222,842,192,936
2364,197,888,223,844,195,939
2365,197,888,222,844,193,939
2366,196,888,221,842,192,937
2367,197,887,221,842,191,937
2368,198,886,222,840,190,936
2369,198,886,220,838,190,935
2370,198,885,223,838,192,935
2371,199,884,224,836,192,935
2372,200,882,247,838,188,933
2373,200,881,249,838,190,933
2374,201,880,249,836,188,931
2375,203,878,256,837,186,929
2376,205,876,259,834,184,927
2377,208,874,263,837,184,925
2378,211,871,270,830,186,920
2379,215,865,275,832,186,911
2380,219,859,285,826,188,904
2381,226,854,295,829,190,896
2382,232,850,301,828,196,891
2383,241,845,307,825,202,884
2384,249,841,317,825,201,856
2385,256,838,323,824,216,877
2386,261,836,329,818,214,868
2387,266,833,336,817,218,863
2388,269,829,337,812,220,855
2389,274,824,346,819,224,849
2390,280,821,352,820,228,845
2391,286,819,357,822,234,842
2392,292,818,363,823,242,845
2393,299,818,371,823,248,844
2394,307,818,379,823,256,843
2395,314,818,387,821,262,839
2396,321,817,397,814,266,832
2397,327,817,403,819,271,829
2398,336,816,409,827,278,818
2399,342,815,415,833,283,816
2400,347,813,419,835,289,813
2401,353,812,425,835,296,812
2402,360,812,433,831,303,816
2403,367,811,439,829,312,820
2404,375,812,449,825,320,828
2405,381,813,457,823,326,830
2406,388,814,461,819,333,831
2407,394,814,469,819,338,824
2408,400,812,477,817,344,816
2409,408,810,483,817,350,810
2410,415,807,491,817,357,809
2411,420,806,497,813,363,812
2412,423,805,495,811,368,817
2413,427,806,499,802,372,821
2414,431,805,503,798,378,826
2415,436,804,506,794,382,826
2416,440,804,513,786,387,824
2417,447,802,520,780,394,823
2418,453,800,521,772,400,821
2419,458,796,523,763,406,817
2420,461,790,525,754,410,811
2421,464,785,528,749,414,807
2422,470,780,512,741,422,807
2423,476,777,516,736,430,809
2424,483,773,541,740,440,811
2425,491,768,551,730,452,811
2426,498,763,559,723,464,808
2427,505,759,563,718,468,801
2428,509,756,565,712,468,793
2429,510,751,569,711,468,787
2430,511,746,569,709,468,782
2431,512,742,575,705,470,779
2432,517,737,581,698,474,775
2433,521,733,585,694,480,773
2434,526,731,589,693,486,772
2435,531,727,591,688,492,770
2436,537,724,596,684,502,769
2437,540,723,595,682,506,765
2438,542,723,597,684,507,763
2439,543,721,599,686,505,759
2440,542,720,601,689,502,753
2441,541,719,603,691,498,752
2442,540,718,605,691,496,749
2443,540,717,605,694,496,749
2444,540,717,609,698,495,748
2445,542,717,613,702,496,749
2446,542,718,613,703,496,749
2447,543,718,611,704,498,751
2448,545,719,615,709,498,751
2449,549,720,619,713,500,749
2450,554,720,603,706,504,745
2451,561,720,617,708,508,741
2452,567,719,625,711,514,737
2453,572,719,630,710,519,733
2454,578,717,637,710,524,730
2455,586,717,643,708,534,735
2456,595,718,650,706,546,737
2457,604,719,670,723,552,739
2458,612,720,679,721,558,738
2459,619,720,688,719,564,735
